{
  "sources": {
    "source-bq-kafka_reprocessing": {
      "topics": [
        {
          "soi_vmg_event_ledger": {
            "kafka.properties": {
              "security.protocol": "SASL_SSL",
              "sasl.mechanism": "SCRAM-SHA-512",
              "sasl.jaas.config": "org.apache.kafka.common.security.scram.ScramLoginModule required username=\"soiopsadmin\" password=\"Verizon123\";",
              "enable.auto.commit": true,
              "auto.offset.reset": "latest"
            },
            "regions": [
              {
                "east": {
                  "bootstrap.servers": "b-1.ha6v-prod-soi-msk-cfn.o6ejy0.c21.kafka.us-east-1.amazonaws.com:9096,b-2.ha6v-prod-soi-msk-cfn.o6ejy0.c21.kafka.us-east-1.amazonaws.com:9096,b-3.ha6v-prod-soi-msk-cfn.o6ejy0.c21.kafka.us-east-1.amazonaws.com:9096,b-4.ha6v-prod-soi-msk-cfn.o6ejy0.c21.kafka.us-east-1.amazonaws.com:9096,b-4.ha6v-prod-soi-msk-cfn.o6ejy0.c21.kafka.us-east-1.amazonaws.com:9096,b-5.ha6v-prod-soi-msk-cfn.o6ejy0.c21.kafka.us-east-1.amazonaws.com:9096,b-6.ha6v-prod-soi-msk-cfn.o6ejy0.c21.kafka.us-east-1.amazonaws.com:9096,b-7.ha6v-prod-soi-msk-cfn.o6ejy0.c21.kafka.us-east-1.amazonaws.com:9096,b-8.ha6v-prod-soi-msk-cfn.o6ejy0.c21.kafka.us-east-1.amazonaws.com:9096,b-9.ha6v-prod-soi-msk-cfn.o6ejy0.c21.kafka.us-east-1.amazonaws.com:9096,b-10.ha6v-prod-soi-msk-cfn.o6ejy0.c21.kafka.us-east-1.amazonaws.com:9096,b-11.ha6v-prod-soi-msk-cfn.o6ejy0.c21.kafka.us-east-1.amazonaws.com:9096,b-12.ha6v-prod-soi-msk-cfn.o6ejy0.c21.kafka.us-east-1.amazonaws.com:9096,b-13.ha6v-prod-soi-msk-cfn.o6ejy0.c21.kafka.us-east-1.amazonaws.com:9096,b-14.ha6v-prod-soi-msk-cfn.o6ejy0.c21.kafka.us-east-1.amazonaws.com:9096,b-15.ha6v-prod-soi-msk-cfn.o6ejy0.c21.kafka.us-east-1.amazonaws.com:9096",
                  "group.id": "sessionAIEastGrp"
                },
                "west": {
                  "bootstrap.servers": "b-1.ha6v-prod-soi-msk-cfn.6ntocx.c7.kafka.us-west-2.amazonaws.com:9096,b-2.ha6v-prod-soi-msk-cfn.6ntocx.c7.kafka.us-west-2.amazonaws.com:9096,b-3.ha6v-prod-soi-msk-cfn.6ntocx.c7.kafka.us-west-2.amazonaws.com:9096,b-4.ha6v-prod-soi-msk-cfn.6ntocx.c7.kafka.us-west-2.amazonaws.com:9096,b-5.ha6v-prod-soi-msk-cfn.6ntocx.c7.kafka.us-west-2.amazonaws.com:9096,b-6.ha6v-prod-soi-msk-cfn.6ntocx.c7.kafka.us-west-2.amazonaws.com:9096,b-7.ha6v-prod-soi-msk-cfn.6ntocx.c7.kafka.us-west-2.amazonaws.com:9096,b-8.ha6v-prod-soi-msk-cfn.6ntocx.c7.kafka.us-west-2.amazonaws.com:9096,b-9.ha6v-prod-soi-msk-cfn.6ntocx.c7.kafka.us-west-2.amazonaws.com:9096,b-10.ha6v-prod-soi-msk-cfn.6ntocx.c7.kafka.us-west-2.amazonaws.com:9096,b-11.ha6v-prod-soi-msk-cfn.6ntocx.c7.kafka.us-west-2.amazonaws.com:9096,b-12.ha6v-prod-soi-msk-cfn.6ntocx.c7.kafka.us-west-2.amazonaws.com:9096,b-13.ha6v-prod-soi-msk-cfn.6ntocx.c7.kafka.us-west-2.amazonaws.com:9096,b-14.ha6v-prod-soi-msk-cfn.6ntocx.c7.kafka.us-west-2.amazonaws.com:9096,b-15.ha6v-prod-soi-msk-cfn.6ntocx.c7.kafka.us-west-2.amazonaws.com:9096",
                  "group.id": "sessionAIWestGrp"
                }
              }
            ],
            "truststore.file": "global_configurations/msk_kafka_cluster/prod.kafka.client.truststore.jks",
            "truststore.bucket": "vz-it-pr-gh2v-rtstdo-0_dataflow_rts_bau"
          }
        }

      ]
    }
  }
}