{
    "cee_dataflow_dag": {
        "dag_id": "rt_cee_src_edw_dag",
        "dag_folder": "cee_dataflow_dag",
        "email_reciever": "bhuvana.chandra.adhugiri@verizon.com,bhavana.kothari.subash@verizon.com,hari.prakash.reddy.ganga@verizon.com",
        "email_on_failure" : "true",
        "email_on_retry": "true",
        "max_retry_delay_min" : 5,
		"retries": 1,
        "schedule_interval" : "0 12 * * *",
        "hook_conn_id":"sa-vz-it-gh2v-rtstdo-0-app",
        "task_id":"rt-cee-dataflow-flex-batch-hook",
		"project_id":"vz-it-pr-gh2v-rtstdo-0",
		"source_bucket":"aid-gh2v-prod-inbound",
		"source_objects":"ingestion_files/data/cust_mtn_info/",
		"destination_bucket":"aid-gh2v-prod-archive",
		"destination_object":"ingestion_files/cust_mtn_info/",
        "job_config": {
            "launchParameter": {
                "containerSpecGcsPath": "gs://vz-it-pr-gh2v-rtstdo-0_dataflow_rts_bau/e2e_job_template_location/sourcetosink_file/template/RT-CEE-FILE-E2E-V1.json",
                "jobName": "rt-cee-e2e-source-edw",
                "parameters": {
                    "fileIOConfigBucket": "vz-it-pr-gh2v-rtstdo-0_dataflow_rts_bau",
                    "fileIOConfigFile": "df_e2e_jobs/configurations/rt_cee_e2e_source_edw/edw_configuration.json",
                    "fileIOSource": "Source-EDW",
                    "errorLog": "true",
                    "numShards": "1",
                    "deadLetterSink": "GCS",
                    "path": "gs://vz-it-pr-gh2v-rtstdo-0_dataflow_rts_bau/e2e_apps_data/rt_cee_e2e_source_edw",
                    "fileName": "source-edw",
                    "gcsBucket": "vz-it-pr-gh2v-rtstdo-0_dataflow_rts_bau",
                    "pubSubTopic": "projects/vz-it-pr-gh2v-rtstdo-0/topics/tp-cee-file-edw",
                    "projectId": "vz-it-pr-gh2v-rtstdo-0",
                    "secretCredentials": "memorystore-authdetails-rt-cee-redis-us-east4",
                    "keystoreFile": "memorystore-keystore-jksfile-rt-cee-redis-us-east4",
                    "keystorePassword": "memorystore-keystore-password-rt-cee-redis-us-east4",
                    "windowDuration": "1",
					"skipHeader": "true",
					"keySize": "10",
					"batchSize": "20"
                },
                "environment": {
                    "network": "shared-np-east",
                    "subnetwork": "https://www.googleapis.com/compute/v1/projects/vz-it-pr-exhv-sharedvpc-228020/regions/us-east4/subnetworks/shared-pr-east-green-subnet-2",
                    "machineType": "n2d-standard-2",
                    "ipConfiguration": "WORKER_IP_PRIVATE",
                    "kmsKeyName":"projects/vz-it-pr-d0sv-vsadkms-0/locations/us-east4/keyRings/vz-it-pr-kr-aid/cryptoKeys/vz-it-pr-kms-gh2v",
                    "serviceAccountEmail": "sa-pr-gh2v-app-rtstdo-0@vz-it-pr-gh2v-rtstdo-0.iam.gserviceaccount.com",
                    "tempLocation": "gs://vz-it-pr-gh2v-rtstdo-0_dataflow_rts_bau/e2e_job_template_location/sourcetosink_file/temp/",
                    "stagingLocation": "gs://vz-it-pr-gh2v-rtstdo-0_dataflow_rts_bau/e2e_job_template_location/sourcetisink_file/Staging/"
                }
            }
        },
        "job_location": "us-east4"
    }
}