{
	"subscription": "projects/vz-it-pr-gh2v-rtstdo-0/subscriptions/sub-cee-trans-cxs-casssandra-insert",
	"attributes": [
		{
			"attr-cee-pubsub-cust-insights": {
				"requestType": "SOI_InsertCustomerInsights_ttl",
				"httpUrl": "https://soipnob2cservices.verizon.com/PNO/v2/requestList",
				"pnoKeySize": 20,
				"pnoBatchSize": 10,
				"numShards": 1,
				"windowDuration": 10,
				"gcsOrPubsub": "GCS",
				"path": "gs://vz-it-pr-gh2v-rtstdo-0_dataflow_rts_bau/df_trans_jobs_data/rt-cee-cxs-cassandara-insert",
				"fileName": "cxs-insertcustomerinsights-cassandra-data",
				"outputTopic": "projects/vz-it-pr-gh2v-rtstdo-0/topics/tp-cee-pno-cxs"
			}
		},
		{
			"attr-cee-pubsub-session-insights": {
				"requestType": "SOI_InsertSessionInsights_ttl",
				"httpUrl": "https://soipnob2cservices.verizon.com/PNO/v2/requestList",
				"pnoKeySize": 20,
				"pnoBatchSize": 10,
				"numShards": 1,
				"windowDuration": 10,
				"gcsOrPubsub": "GCS",
				"path": "gs://vz-it-pr-gh2v-rtstdo-0_dataflow_rts_bau/df_trans_jobs_data/rt-cee-cxs-cassandara-insert",
				"fileName": "cxs-insertcustomerinsights-cassandra-data",
				"outputTopic": "projects/vz-it-pr-gh2v-rtstdo-0/topics/tp-cee-pno-cxs"
			}
		},
		{
			"attr-cee-pubsub-cust-raw-features": {
				"requestType": "SOI_InsertCustModelRawfeatures_ttl",
				"httpUrl": "https://soipnob2cservices.verizon.com/PNO/v2/requestList",
				"pnoKeySize": 20,
				"pnoBatchSize": 10,
				"numShards": 1,
				"windowDuration": 10,
				"gcsOrPubsub": "GCS",
				"path": "gs://vz-it-pr-gh2v-rtstdo-0_dataflow_rts_bau/df_trans_jobs_data/rt-cee-cxs-cassandara-insert",
				"fileName": "cxs-insertcustmodelrawfeatures-cassandra-data",
				"outputTopic": "projects/vz-it-pr-gh2v-rtstdo-0/topics/tp-cee-pno-cxs"
			}
		},
		{
			"attr-cee-pubsub-cust-features": {
				"requestType": "SOI_InsertCustModelFeatures",
				"httpUrl": "https://soipnob2cservices.verizon.com/PNO/v2/requestList",
				"pnoKeySize": 20,
				"pnoBatchSize": 10,
				"numShards": 1,
				"windowDuration": 10,
				"gcsOrPubsub": "GCS",
				"path": "gs://vz-it-pr-gh2v-rtstdo-0_dataflow_rts_bau/df_trans_jobs_data/rt-cee-cxs-cassandara-insert",
				"fileName": "cxs-insertcustmodelfeatures-cassandra-data",
				"outputTopic": "projects/vz-it-pr-gh2v-rtstdo-0/topics/tp-cee-pno-cxs"
			}
		},
		{
			"attr-cee-pubsub-session-features": {
				"requestType": "SOI_InsertSessionModelFeatures_ttl",
				"httpUrl": "https://soipnob2cservices.verizon.com/PNO/v2/requestList",
				"pnoKeySize": 20,
				"pnoBatchSize": 10,
				"numShards": 1,
				"windowDuration": 10,
				"gcsOrPubsub": "GCS",
				"path": "gs://vz-it-pr-gh2v-rtstdo-0_dataflow_rts_bau/df_trans_jobs_data/rt-cee-cxs-cassandara-insert",
				"fileName": "cxs-insertsessionmodelfeatures-cassandra-data",
				"outputTopic": "projects/vz-it-pr-gh2v-rtstdo-0/topics/tp-cee-pno-cxs"
			}
		},
		{
			"attr-cee-pubsub-session-raw-features": {
				"requestType": "SOI_InsertSessionModelRawfeatures_ttl",
				"httpUrl": "https://soipnob2cservices.verizon.com/PNO/v2/requestList",
				"pnoKeySize": 20,
				"pnoBatchSize": 10,
				"numShards": 1,
				"windowDuration": 10,
				"gcsOrPubsub": "GCS",
				"path": "gs://vz-it-pr-gh2v-rtstdo-0_dataflow_rts_bau/df_trans_jobs_data/rt-cee-cxs-cassandara-insert",
				"fileName": "cxs-insertsessionmodelrawfeatures-cassandra-data",
				"outputTopic": "projects/vz-it-pr-gh2v-rtstdo-0/topics/tp-cee-pno-cxs"
			}
		}
	]
}