{
    "subscription": "projects/vz-it-np-gh2v-test-rtstdo-0/subscriptions/pzai-pno-output-sub",
    "attributes": [
        {
            "attr-cee-pubsub-pzai-events": {
                "requestType": "SOI_InsertEvents_ttl",
                "httpUrl": "https://mcscmpt2-pnosoi.ebiz.verizon.com/PNO/v2/requestList",
                "pnoKeySize": 10,
                "pnoBatchSize": 10,
                "numShards" : 1,
                "windowDuration":30,
                "gcsOrPubsub": "GCS",
                "path":"gs://vz-it-np-gh2v-test-rtstdo-0-devlopment_dataflow_rts/rt/cee/tar/cassandra/pzai",
                "fileName":"pzai-cassandra-data",
                "outputTopic":"projects/vz-it-np-gh2v-test-rtstdo-0/topics/tp-cee-pno-pzai"
            }
        },
        {
            "attr-cee-pubsub-eventledger": {
               "requestType": "SOI_InsertEventLedger_ttl",
                "httpUrl": "https://mcscmpt2-pnosoi.ebiz.verizon.com/PNO/v2/requestList",
                "pnoKeySize": 10,
                "pnoBatchSize": 10,
                "numShards" : 1,
                "windowDuration":30,
                "gcsOrPubsub": "GCS",
                "path":"gs://vz-it-np-gh2v-test-rtstdo-0-devlopment_dataflow_rts/rt/cee/tar/cassandra/event_ledger",
                "fileName":"eventledger-cassandra-data",
                "outputTopic":"projects/vz-it-np-gh2v-test-rtstdo-0/topics/tp-cee-pno-eventledger"
            }
        },
        {
            "attr-cee-pubsub-cust-mtn-insights": {
               "requestType": "SOI_InsertCustomerMtnInsights",
                "httpUrl": "https://mcscmpt2-pnosoi.ebiz.verizon.com/PNO/request",
                "numShards" : 1,
                "windowDuration":30,
                "gcsOrPubsub": "GCS",
                "path":"gs://vz-it-np-gh2v-test-rtstdo-0-devlopment_dataflow_rts/rt/cee/tar/cassandra/cust_mtn_insights",
                "fileName":"mtn-insights-cassandra-data",
                "outputTopic":"projects/vz-it-np-gh2v-test-rtstdo-0/topics/tp-cee-pno-mtn-insights"
            }
        },
        {
            "attr-cee-pubsub-cust-insights": {
               "requestType": "SOI_InsertCustomerInsights",
                "httpUrl": "https://mcscmpt2-pnosoi.ebiz.verizon.com/PNO/request",
                "numShards" : 1,
                "windowDuration":30,
                "gcsOrPubsub": "GCS",
                "path":"gs://vz-it-np-gh2v-test-rtstdo-0-devlopment_dataflow_rts/rt/cee/tar/cassandra/cust_insights",
                "fileName":"insights-cassandra-data",
                "outputTopic":"projects/vz-it-np-gh2v-test-rtstdo-0/topics/tp-cee-pno-insights"
            }
        },
        {
            "attr-cee-pubsub-cust-features": {
                "requestType": "SOI_InsertCustModelFeatures_ttl",
                "httpUrl": "https://mcscmpt2-pnosoi.ebiz.verizon.com/PNO/request",
                "numShards": 1,
                "windowDuration": 30,
                "gcsOrPubsub": "GCS",
                "path": "gs://vz-it-np-gh2v-test-rtstdo-0-devlopment_dataflow_rts/rt/cee/tar/cassandra/cust-features",
                "fileName": "features-cassandra-data",
                "outputTopic": "projects/vz-it-np-gh2v-test-rtstdo-0/topics/tp-cee-pno-features"
            }
        },
        {
            "attr-cee-pubsub-cust-raw-features": {
				"requestType": "SOI_InsertCustModelRawfeatures_ttl",
				"httpUrl": "https://mcscmpt2-pnosoi.ebiz.verizon.com/PNO/request",
				"numShards": 1,
				"windowDuration": 30,
				"gcsOrPubsub": "GCS",
				"path": "gs://vz-it-np-gh2v-test-rtstdo-0-devlopment_dataflow_rts/rt/cee/tar/cassandra/cust-raw-features",
				"fileName": "features-cassandra-data",
				"outputTopic": "projects/vz-it-np-gh2v-test-rtstdo-0/topics/tp-cee-pno-raw-features"
			}
        }
    ]
}