{
    "cee_dataflow_dag": {
        "dag_id": "rt_cee_e2e_unhash_cust_acct_dag",
        "dag_folder": "cee_dataflow_dag",
        "email_reciever": "bhuvana.chandra.adhugiri@verizon.com,bhavana.kothari.subash@verizon.com,hari.prakash.reddy.ganga@verizon.com",
        "email_on_failure" : "true",
        "email_on_retry": "true",
        "max_retry_delay_min" : 5,
		"retries": 1,
        "schedule_interval" : "20 14 * * *",
        "hook_conn_id":"sa-vz-it-gh2v-rtstdo-0-app",
        "task_id":"rt-cee-dataflow-flex-batch-hook",
        "project_id":"vz-it-pr-gh2v-rtstdo-0",
		"source_bucket":"aid-gh2v-prod-inbound",
		"source_objects":"ingestion_files/data/cust_hash_mapping/",
		"destination_bucket":"aid-gh2v-prod-archive",
		"destination_object":"ingestion_files/cust_hash_mapping/",
        "job_config": {
            "launchParameter": {
                "containerSpecGcsPath": "gs://vz-it-pr-gh2v-rtstdo-0_dataflow_rts_bau/e2e_job_template_location/sourcetosink_multi/template/ER_2411/RT-CEE-MULTI-E2E-V1.json",
                "jobName": "rt-cee-e2e-unhash-cust-acct",
                "parameters": {
                    "sourceConfigBucket": "vz-it-pr-gh2v-rtstdo-0_dataflow_rts_bau",
                    "sourceConfigFile": "df_e2e_jobs/configurations/rt_cee_e2e_unhash_cust_acct/E2E-unhashCust.json",
                    "IOSource": "E2E-unhashCust",
                    "errorLog": "true",
                    "numShards": "1",
                    "deadLetterSink": "GCS",
                    "path": "gs://vz-it-pr-gh2v-rtstdo-0_dataflow_rts_bau/e2e_apps_data/rt_cee_e2e_unhash_cust_acct/deadletter/",
                    "fileName": "e2e_unhashCust_data",
                    "gcsBucket": "vz-it-pr-gh2v-rtstdo-0_dataflow_rts_bau",
                    "pubSubTopic": "projects/vz-it-pr-gh2v-rtstdo-0/topics/tp-cee-file-unhash-cust",
                    "projectId": "vz-it-pr-gh2v-rtstdo-0",
                    "memstoreSecretCredentials": "memorystore-authdetails-rt-cee-redis-us-east4",
                    "memstoreKeystoreFile": "memorystore-keystore-jksfile-rt-cee-redis-us-east4",
                    "memstoreKeystorePassword": "memorystore-keystore-password-rt-cee-redis-us-east4",
                    "windowDuration": "1",
					"keySize": "5",
					"batchSize": "10",
					"additional-user-labels":"version=1.0,domain=rt-cee-df-batch",
					"max-workers":"15"
                },
                "environment": {
                    "network": "shared-np-east",
                    "subnetwork": "https://www.googleapis.com/compute/v1/projects/vz-it-pr-exhv-sharedvpc-228020/regions/us-east4/subnetworks/shared-pr-east-green-subnet-2",
                    "machineType": "n2d-standard-8",
                    "ipConfiguration": "WORKER_IP_PRIVATE",
                    "kmsKeyName":"projects/vz-it-pr-d0sv-vsadkms-0/locations/us-east4/keyRings/vz-it-pr-kr-aid/cryptoKeys/vz-it-pr-kms-gh2v",
                    "serviceAccountEmail": "sa-pr-gh2v-app-rtstdo-0@vz-it-pr-gh2v-rtstdo-0.iam.gserviceaccount.com",
                    "tempLocation": "gs://vz-it-pr-gh2v-rtstdo-0_dataflow_rts_bau/e2e_job_template_location/sourcetosink_multi/temp/",
                    "stagingLocation": "gs://vz-it-pr-gh2v-rtstdo-0_dataflow_rts_bau/e2e_job_template_location/sourcetosink_multi/staging/"
                }
            }
        },
        "job_location": "us-east4"
    }
}