{
	"subscription": "projects/vz-it-pr-gh2v-rtstdo-0/subscriptions/sub-cee-rtins-sink-cassandra-insertion",
	"attributes": [
		{
			"attr-cee-pubsub-cust-insights": {
				"requestType": "SOI_InsertCustomerInsights_ttl",
				"httpUrl": "https://soipnob2cservices.verizon.com/PNO/request",
				"numShards": 1,
				"windowDuration": 10,
				"gcsOrPubsub": "GCS",
				"path": "gs://vz-it-pr-gh2v-rtstdo-0_dataflow_rts_bau/sink_apps_data/rt_cee_rtins_cassandra_insert/insertcustomerinsights",
				"fileName": "rtins-insertcustomerinsights-cassandra-data",
				"outputTopic": "projects/vz-it-pr-gh2v-rtstdo-0/topics/tp-cee-pno-rtins"
			}
		},
		{
            "attr-cee-pubsub-cust-mtn-insights": {
               "requestType": "SOI_InsertCustomerMtnInsights_ttl",
                "httpUrl": "https://soipnob2cservices.verizon.com/PNO/request",
                "numShards" : 1,
                "windowDuration":10,
                "gcsOrPubsub": "GCS",
                "path":"gs://vz-it-pr-gh2v-rtstdo-0_dataflow_rts_bau/sink_apps_data/rt_cee_rtins_cassandra_insert/insertcustomermtninsights",
                "fileName":"rtins-insertcustomermtninsights-cassandra-data",
                "outputTopic":"projects/vz-it-pr-gh2v-rtstdo-0/topics/tp-cee-pno-rtins"
            }
        },
		{
			"attr-cee-pubsub-cust-insights-no-ttl": {
				"requestType": "SOI_InsertCustomerInsights",
				"httpUrl": "https://soipnob2cservices.verizon.com/PNO/v2/requestList",
				"numShards": 1,
				"windowDuration": 10,
				"pnoKeySize": 20,
				"pnoBatchSize": 10,
				"gcsOrPubsub": "GCS",
				"path": "gs://vz-it-pr-gh2v-rtstdo-0_dataflow_rts_bau/sink_apps_data/rt_cee_rtins_cassandra_insert/insertcustomerinsights",
				"fileName": "rtins-insertcustomerinsights-cassandra-data",
				"outputTopic": "projects/vz-it-pr-gh2v-rtstdo-0/topics/tp-cee-pno-rtins"
			}
		},
		{
            "attr-cee-pubsub-cust-mtn-insights-no-ttl": {
               "requestType": "SOI_InsertCustomerMtnInsights",
                "httpUrl": "https://soipnob2cservices.verizon.com/PNO/request",
                "numShards" : 1,
                "windowDuration":10,
                "gcsOrPubsub": "GCS",
                "path":"gs://vz-it-pr-gh2v-rtstdo-0_dataflow_rts_bau/sink_apps_data/rt_cee_rtins_cassandra_insert/insertcustomermtninsights",
                "fileName":"rtins-insertcustomermtninsights-cassandra-data",
                "outputTopic":"projects/vz-it-pr-gh2v-rtstdo-0/topics/tp-cee-pno-rtins"
            }
        },
		{
            "attr-cee-pubsub-aggr-prod-insights": {
               "requestType": "SOI_InsertAggrProductInsights",
                "httpUrl": "https://soipnob2cservices.verizon.com/PNO/request",
                "numShards" : 1,
                "windowDuration":10,
                "gcsOrPubsub": "GCS",
                "path":"gs://vz-it-pr-gh2v-rtstdo-0_dataflow_rts_bau/sink_apps_data/rt_cee_rtins_cassandra_insert/insertaggrproductinsights",
                "fileName":"rtins-insertaggrproductinsights-cassandra-data",
                "outputTopic":"projects/vz-it-pr-gh2v-rtstdo-0/topics/tp-cee-pno-rtins"
            }
        },
		{
            "attr-cee-pubsub-aggr-prod-insights-ttl": {
               "requestType": "SOI_InsertAggrProductInsights_ttl",
                "httpUrl": "https://soipnob2cservices.verizon.com/PNO/request",
                "numShards" : 1,
                "windowDuration":10,
                "gcsOrPubsub": "GCS",
                "path":"gs://vz-it-pr-gh2v-rtstdo-0_dataflow_rts_bau/sink_apps_data/rt_cee_rtins_cassandra_insert/insertaggrproductinsights",
                "fileName":"rtins-insertaggrproductinsights-cassandra-data",
                "outputTopic":"projects/vz-it-pr-gh2v-rtstdo-0/topics/tp-cee-pno-rtins"
            }
        },
		{
			"attr-cee-pubsub-session-insights": {
				"requestType": "SOI_InsertSessionInsights_ttl",
				"httpUrl": "https://soipnob2cservices.verizon.com/PNO/v2/requestList",
				"pnoKeySize": 20,
				"pnoBatchSize": 10,
				"numShards": 1,
				"windowDuration": 10,
				"gcsOrPubsub": "GCS",
				"path": "gs://vz-it-pr-gh2v-rtstdo-0_dataflow_rts_bau/sink_apps_data/rt_cee_rtins_cassandra_insert/insertsessioninsights",
				"fileName": "rtins-insertsessioninsights-cassandra-data",
				"outputTopic": "projects/vz-it-pr-gh2v-rtstdo-0/topics/tp-cee-pno-rtins"
			}
		},
		{
			"attr-cee-pubsub-cust-raw-features": {
				"requestType": "SOI_InsertCustModelRawfeatures_ttl",
				"httpUrl": "https://soipnob2cservices.verizon.com/PNO/v2/requestList",
				"pnoKeySize": 20,
				"pnoBatchSize": 10,
				"numShards": 1,
				"windowDuration": 10,
				"gcsOrPubsub": "GCS",
				"path": "gs://vz-it-pr-gh2v-rtstdo-0_dataflow_rts_bau/sink_apps_data/rt_cee_rtins_cassandra_insert/insertcustmodelrawfeatures",
				"fileName": "rtins-insertcustmodelrawfeatures-cassandra-data",
				"outputTopic": "projects/vz-it-pr-gh2v-rtstdo-0/topics/tp-cee-pno-rtins"
			}
		},
		{
			"attr-cee-pubsub-cust-features": {
				"requestType": "SOI_InsertCustModelFeatures",
				"httpUrl": "https://soipnob2cservices.verizon.com/PNO/v2/requestList",
				"pnoKeySize": 20,
				"pnoBatchSize": 10,
				"numShards": 1,
				"windowDuration": 10,
				"gcsOrPubsub": "GCS",
				"path": "gs://vz-it-pr-gh2v-rtstdo-0_dataflow_rts_bau/sink_apps_data/rt_cee_rtins_cassandra_insert/insertcustmodelfeatures",
				"fileName": "rtins-insertcustmodelfeatures-cassandra-data",
				"outputTopic": "projects/vz-it-pr-gh2v-rtstdo-0/topics/tp-cee-pno-rtins"
			}
		},
		{
			"attr-cee-pubsub-session-features": {
				"requestType": "SOI_InsertSessionModelFeatures_ttl",
				"httpUrl": "https://soipnob2cservices.verizon.com/PNO/v2/requestList",
				"pnoKeySize": 20,
				"pnoBatchSize": 10,
				"numShards": 1,
				"windowDuration": 10,
				"gcsOrPubsub": "GCS",
				"path": "gs://vz-it-pr-gh2v-rtstdo-0_dataflow_rts_bau/sink_apps_data/rt_cee_rtins_cassandra_insert/insertsessionmodelfeatures",
				"fileName": "rtins-insertsessionmodelfeatures-cassandra-data",
				"outputTopic": "projects/vz-it-pr-gh2v-rtstdo-0/topics/tp-cee-pno-rtins"
			}
		},
		{
			"attr-cee-pubsub-session-raw-features": {
				"requestType": "SOI_InsertSessionModelRawfeatures_ttl",
				"httpUrl": "https://soipnob2cservices.verizon.com/PNO/v2/requestList",
				"pnoKeySize": 20,
				"pnoBatchSize": 10,
				"numShards": 1,
				"windowDuration": 10,
				"gcsOrPubsub": "GCS",
				"path": "gs://vz-it-pr-gh2v-rtstdo-0_dataflow_rts_bau/sink_apps_data/rt_cee_rtins_cassandra_insert/insertsessionmodelrawfeatures",
				"fileName": "rtins-insertsessionmodelrawfeatures-cassandra-data",
				"outputTopic": "projects/vz-it-pr-gh2v-rtstdo-0/topics/tp-cee-pno-rtins"
			}
		},		
		{
            "attr-cee-pubsub-aggr-prod-devicelist-insights-ttl": {
               "requestType": "SOI_InsertAggrProductInsights_DeviceList_ttl",
                "httpUrl": "https://soipnob2cservices.verizon.com/PNO/request",
                "numShards" : 1,
                "windowDuration":10,
                "gcsOrPubsub": "GCS",
                "path":"gs://vz-it-pr-gh2v-rtstdo-0_dataflow_rts_bau/sink_apps_data/rt_cee_rtins_cassandra_insert/insertaggrproductinsights/devicelist/",
                "fileName":"rtins-insertaggrproductinsights-cassandra-data",
                "outputTopic":"projects/vz-it-pr-gh2v-rtstdo-0/topics/tp-cee-pno-rtins"
            }
        },
		{
            "attr-cee-pubsub-cust-event-timeline": {
               "requestType": "SOI_InsertCustEventTimeline",
                "httpUrl": "https://soipnob2cservices.verizon.com/PNO/request",
                "numShards" : 1,
                "windowDuration":10,
                "gcsOrPubsub": "GCS",
                "path":"gs://vz-it-pr-gh2v-rtstdo-0_dataflow_rts_bau/sink_apps_data/rt_cee_rtins_cassandra_insert/insertcustomereventstimeline",
                "fileName":"rtins-insertcustomereventstimeline-cassandra-data",
                "outputTopic":"projects/vz-it-pr-gh2v-rtstdo-0/topics/tp-cee-pno-rtins"
            }
        }
	]
}