{
    "cee_dataflow_dag": {
        "dag_id": "rt-cee-e2e-ccrafeed",
        "dag_folder": "cee_dataflow_dag",
        "email_reciever": "bhuvana.chandra.adhugiri@verizon.com",
        "email_on_failure" : "true",
        "email_on_retry": "true",
        "max_retry_delay_min" : 5,
        "retries": 1,
        "schedule_interval" : "8 * * * *",
        "hook_conn_id":"sa-vz-it-gh2v-rtstdo-0-app",
        "task_id":"rt-cee-dataflow-flex-batch-hook",
        "project_id":"vz-it-pr-gh2v-rtstdo-0",
        "source_bucket":"aid-gh2v-prod-inbound",
        "destination_bucket":"aid-gh2v-prod-archive",
        "source_objects_customer_order":"ingestion_files/data/SourceCCRA/customer_order/",
        "source_objects_soi_shipping":"ingestion_files/data/SourceCCRA/soi_shipping/",
        "destination_object_customer_order":"ingestion_files/SourceCCRA/customer_order/",
        "destination_object_soi_shipping":"ingestion_files/SourceCCRA/soi_shipping/",
        "job_config": {
            "launchParameter": {
                "containerSpecGcsPath": "gs://vz-it-pr-gh2v-rtstdo-0_dataflow_rts_bau/e2e_job_template_location/sourcetosink_file/template/ER_2408/RT-CEE-SRC-SinkFileToPubsub-V2.json",
                "jobName": "rt-cee-e2e-ccrafeed",
                "parameters": {
                    "fileIOConfigBucket": "vz-it-pr-gh2v-rtstdo-0_dataflow_rts_bau",
                    "fileIOConfigFile": "df_e2e_jobs/configurations/rt_cee_rtins_e2e_ccra_feed/Source-ccra.json",
                    "fileIOSource": "Source-ccrafilefeed",
                    "errorLog": "true",
                    "numShards": "1",
                    "deadLetterSink": "GCS",
                    "path": "gs://vz-it-pr-gh2v-rtstdo-0_dataflow_rts_bau/e2e_apps_data/rt_cee_rtins_e2e_ccra_feed/deadletter/",
                    "fileName": "source_ccra",
                    "gcsBucket": "vz-it-pr-gh2v-rtstdo-0_dataflow_rts_bau",
                    "pubSubTopic": "projects/vz-it-pr-gh2v-rtstdo-0/topics/tp-cee-file-e2e-ccra",
                    "outputPubsubTopic":"projects/vz-it-pr-gh2v-rtstdo-0/topics/tp-cee-rtins-sink-cassandra-insertion",
                    "projectId": "vz-it-pr-gh2v-rtstdo-0",
                    "secretCredentials": "memorystore-authdetails-rt-cee-redis-us-east4",
                    "keystoreFile": "memorystore-keystore-jksfile-rt-cee-redis-us-east4",
                    "keystorePassword": "memorystore-keystore-password-rt-cee-redis-us-east4",
                    "httpRequest": "https://soipnob2cservices.verizon.com/PNO/request",
                    "pubsubParallelWrite": "true"
                },
                "environment": {
                    "network": "shared-np-east",
                    "subnetwork": "https://www.googleapis.com/compute/v1/projects/vz-it-pr-exhv-sharedvpc-228020/regions/us-east4/subnetworks/shared-pr-east-green-subnet-2",
                    "machineType": "n2d-standard-2",
                    "ipConfiguration": "WORKER_IP_PRIVATE",
                    "kmsKeyName":"projects/vz-it-pr-d0sv-vsadkms-0/locations/us-east4/keyRings/vz-it-pr-kr-aid/cryptoKeys/vz-it-pr-kms-gh2v",
                    "serviceAccountEmail": "sa-pr-gh2v-app-rtstdo-0@vz-it-pr-gh2v-rtstdo-0.iam.gserviceaccount.com",
                    "tempLocation": "gs://vz-it-pr-gh2v-rtstdo-0_dataflow_rts_bau/e2e_job_template_location/sourcetosink_file/temp/",
                    "stagingLocation": "gs://vz-it-pr-gh2v-rtstdo-0_dataflow_rts_bau/e2e_job_template_location/sourcetosink_file/Staging/"
                }
            }
        },
        "job_location": "us-east4"
    }
}