{
    "cee_dataflow_dag": {
        "dag_id": "rt-cee-rtins-trans-surgeupdate",
        "dag_folder": "cee_dataflow_dag",
        "email_reciever": "bhuvana.chandra.adhugiri@verizon.com",
        "email_on_failure" : "true",
        "email_on_retry": "true",
        "max_retry_delay_min" : 5,
		"retries": 1,
        "schedule_interval" : "0 6 * * *",
        "hook_conn_id":"sa-vz-it-gh2v-rtstdo-0-app",
        "task_id":"rt-cee-dataflow-flex-batch-hook",
        "project_id":"vz-it-pr-gh2v-rtstdo-0",
        "job_config": {
            "launchParameter": {
                "containerSpecGcsPath": "gs://vz-it-pr-gh2v-rtstdo-0_dataflow_rts_bau/trans_job_template_location/transformtosink_insightsextraction/template/ER_2410/RT-CEE-TRANS-INSIGHTSEXTRACTION-V2.json",
                "jobName": "rt-cee-rtins-trans-surgeupdate",
                "parameters": {
                    "sourceName": "SurgeUpdate",
					"bucketName": "vz-it-pr-gh2v-rtstdo-0_dataflow_rts_bau",
					"yamlFile": "df_trans_jobs/configurations/rt_cee_rtins_trans_surgeupdate/SurgeUpdate.yaml",
					"errorLog": "true",
					"numShards": "1",
					"pubsubParallelWrite": "true",
					"deadLetterSink": "GCS",
					"environment": "GCP",
					"windowDuration": "30",
					"projectId": "vz-it-pr-gh2v-rtstdo-0"
                },
                "environment": {
                    "network": "shared-np-east",
                    "subnetwork": "https://www.googleapis.com/compute/v1/projects/vz-it-pr-exhv-sharedvpc-228020/regions/us-east4/subnetworks/shared-pr-east-green-subnet-2",
                    "machineType": "n2d-standard-2",
                    "ipConfiguration": "WORKER_IP_PRIVATE",
                    "kmsKeyName":"projects/vz-it-pr-d0sv-vsadkms-0/locations/us-east4/keyRings/vz-it-pr-kr-aid/cryptoKeys/vz-it-pr-kms-gh2v",
                    "serviceAccountEmail": "sa-pr-gh2v-app-rtstdo-0@vz-it-pr-gh2v-rtstdo-0.iam.gserviceaccount.com",
                    "tempLocation": "gs://vz-it-pr-gh2v-rtstdo-0_dataflow_rts_bau/trans_job_template_location/transformtosink_insightsextraction/temp/",
                    "stagingLocation": "gs://vz-it-pr-gh2v-rtstdo-0_dataflow_rts_bau/trans_job_template_location/transformtosink_insightsextraction/staging/"
                }
            }
        },
        "job_location": "us-east4"
    }
}