<assembly xmlns="http://maven.apache.org/plugins/maven-assembly-plugin/assembly/1.1.2"
          xmlns:xsi="http://www.w3.org/2001/XMLSchema-instance"
          xsi:schemaLocation="http://maven.apache.org/plugins/maven-assembly-plugin/assembly/1.1.2 http://maven.apache.org/xsd/assembly-1.1.2.xsd">
    <id>zip</id>
    <includeBaseDirectory>true</includeBaseDirectory>

    <formats>
        <format>zip</format>
    </formats>
    <fileSets>
        <fileSet>
            <directory>${project.basedir}/src/main/resources/config/launcher</directory>
            <outputDirectory>/config/</outputDirectory>
            <includes>
                <include>*.yaml</include>
<!--                <include>*.csv</include>-->
<!--                <include>*.json</include>-->
            </includes>
        </fileSet>
        <fileSet>
            <directory>${project.basedir}/src/main/resources/config/launcher/jobConfig</directory>
            <outputDirectory>/config/</outputDirectory>
            <includes>
                <include>*.yaml</include>

                <!--                <include>*.csv</include>-->
                <!--                <include>*.json</include>-->
            </includes>
        <fileMode>0755</fileMode>
        </fileSet>
    </fileSets>
    <files>
        <file>
            <source>${project.build.directory}/${project.parent.artifactId}_${project.artifactId}_${project.version}.jar</source>
<!--            <source>${project.basedir}/src/main/resources/dev/config/</source>-->
            <outputDirectory>/</outputDirectory>
        </file>
    </files>
</assembly>