{
    "cee_dataflow_dag": {
        "dag_id": "rt_cee_src_unhash_cust_acct_dag",
        "dag_folder": "cee_dataflow_dag",
        "email_reciever": "bhuvana.chandra.adhugiri@verizon.com,bhavana.kothari.subash@verizon.com,hari.prakash.reddy.ganga@verizon.com",
        "email_on_failure" : "true",
        "email_on_retry": "true",
        "max_retry_delay_min" : 5,
		"retries": 1,
        "schedule_interval" : "20 14 * * *",
        "hook_conn_id":"sa-vz-it-gh2v-rtstdo-0-app",
        "task_id":"rt-cee-dataflow-flex-batch-hook",
        "project_id":"vz-it-pr-gh2v-rtstdo-0",
		"source_bucket":"vz-it-pr-gh2v-rtstdo-0-prod_dataflow_rts_test",
		"source_objects":"bq_extract/cust_hash_mapping/",
		"destination_bucket":"vz-it-pr-gh2v-rtstdo-0-prod_dataflow_rts_test",
		"destination_object":"bq_extract/cust_hash_mapping_processed/",
        "job_config": {
            "launchParameter": {
                "containerSpecGcsPath": "gs://vz-it-pr-gh2v-rtstdo-0-prod_dataflow_rts_test/rt/cee/src/template/RT-CEE-SRC-FlexMultiToSink-V1.json",
                "jobName": "rt-cee-src-unhash-cust-acct",
                "parameters": {
                    "sourceConfigBucket": "vz-it-pr-gh2v-rtstdo-0-prod_dataflow_rts_test",
                    "sourceConfigFile": "rt/cee/src/unhash/config/Source-unhashCust.json",
                    "IOSource": "source-unhashCust",
                    "errorLog": "true",
                    "numShards": "1",
                    "deadLetterSink": "GCS",
                    "path": "gs://vz-it-pr-gh2v-rtstdo-0-prod_dataflow_rts_test/rt/cee/src/unhash/deadletter",
                    "fileName": "source_unhashCust_data",
                    "gcsBucket": "vz-it-pr-gh2v-rtstdo-0-prod_dataflow_rts_test",
                    "pubSubTopic": "projects/vz-it-pr-gh2v-rtstdo-0/topics/tp-cee-file-unhash-cust",
                    "projectId": "vz-it-pr-gh2v-rtstdo-0",
                    "memstoreSecretCredentials": "memorystore-authdetails-rt-cee-redis-us-east4",
                    "memstoreKeystoreFile": "memorystore-keystore-jksfile-rt-cee-redis-us-east4",
                    "memstoreKeystorePassword": "memorystore-keystore-password-rt-cee-redis-us-east4",
                    "windowDuration": "1",
					"keySize": "5",
					"batchSize": "10"
                },
                "environment": {
                    "network": "shared-np-east",
                    "subnetwork": "https://www.googleapis.com/compute/v1/projects/vz-it-pr-exhv-sharedvpc-228020/regions/us-east4/subnetworks/shared-pr-east-green-subnet-2",
                    "machineType": "n2d-standard-8",
                    "ipConfiguration": "WORKER_IP_PRIVATE",
                    "kmsKeyName":"projects/vz-it-pr-d0sv-vsadkms-0/locations/us-east4/keyRings/vz-it-pr-kr-aid/cryptoKeys/vz-it-pr-kms-gh2v",
                    "serviceAccountEmail": "sa-pr-gh2v-app-rtstdo-0@vz-it-pr-gh2v-rtstdo-0.iam.gserviceaccount.com",
                    "tempLocation": "gs://vz-it-pr-gh2v-rtstdo-0-prod_dataflow_rts_test/rt/cee/src/template/",
                    "stagingLocation": "gs://vz-it-pr-gh2v-rtstdo-0-prod_dataflow_rts_test/rt/cee/src/staging/"
                }
            }
        },
        "job_location": "us-east4"
    }
}